...
<parent>
	<groupId>org.springframework.boot</groupId>
	<artifactId>spring-boot-starter-parent</artifactId>
	<version>2.1.2.REEASE</version>
	<relativePath />
</parent>
...
<dependencies>
	<dependency>
		<groupId>org.springframework.cloud</groupId>
		<artifactId>spring-cloud-stream</artifactId>
	</dependency>
	<dependency>
		<groupId>org.springframework.cloud</groupId>
		<artifactId>spring-cloud-stream-binder-kafka</artifactId>
	</dependency>
	<dependency>
		<groupId>io.confluent</groupId>
		<artifactId>kafka-schema-registry-client</artifactId>
		<version>5.3.0</version>
	</dependency>
	<dependency>
		<groupId>org.apache.avro</groupId>
		<artifactId>avro</artifactId>
		<version>1.8.2</version>
	</dependency>
	<dependency>
		<groupId>io.confluent</groupId>
		<artifactId>kafka-avro-serializer</artifactId>
		<version>5.2.1</version>
	</dependency>
	<dependency>
		<groupId>io.confluent</groupId>
		<artifactId>kafka-stream-avro-serde</artifactId>
		<version>5.2.1</version>
	</dependency>
</dependencies>
...